Time,CPU Usage
41772.068381,7.7
41772.068427,1.4
41772.068473,0.4
41772.068519,0.2
41772.068566,2.4
41772.068612,8.4
41772.068658,4.9
41772.068704,5.0
41772.068751,5.0
41772.068797,5.3
41772.068843,4.6
41772.068890,5.1
41772.068936,10.2
41772.068982,10.0
41772.069029,6.3
41772.069075,5.4
41772.069121,4.6
41772.069167,5.3
41772.069214,6.2
41772.069260,3.8
41772.069306,8.5
41772.069353,24.3
41772.069399,24.5
41772.069445,9.0
41772.069492,6.5
41772.069538,4.5
41772.069584,5.2
41772.069630,4.5
41772.069677,7.3
41772.069723,12.6
41772.069771,10.8
41772.069816,6.6
41772.069862,4.3
41772.069908,4.3
41772.069955,4.9
41772.070001,4.5
41772.070047,4.6
41772.070094,8.2
41772.070140,9.2
41772.070195,6.6
41772.070232,6.5
41772.070279,3.6
41772.070325,3.4
41772.070371,5.6
41772.070417,5.7
41772.070464,8.5
41772.070510,5.9
41772.070556,2.3
41772.070603,5.7
41772.070649,6.4
41772.070695,3.9
41772.070742,3.5
41772.070788,4.3
41772.070834,6.3
41772.070880,11.1
41772.070927,3.3
41772.070973,4.1
41772.071019,5.1
41772.071066,8.2
41772.071112,5.5
41772.071158,4.1
41772.071204,4.4
41772.071251,8.5
41772.071297,2.8
41772.071343,4.2
41772.071390,3.9
41772.071436,3.9
41772.071482,7.4
41772.071529,6.3
41772.071575,3.9
41772.071621,7.3
41772.071668,3.1
41772.071714,3.4
41772.071760,2.9
41772.071806,2.4
41772.071853,0.7
41772.071899,0.4
41772.071945,0.1
41772.071991,0.1
41772.072038,0.1
41772.072084,11.3
41772.072131,4.3
41772.072177,4.8
41772.072223,5.2
41772.072269,3.9
41772.072316,3.8
41772.072362,4.8
41772.072408,4.6
41772.072454,12.9
41772.072501,9.5
41772.072547,4.2
41772.072593,3.8
41772.072640,7.2
41772.072686,4.4
41772.072732,5.1
41772.072779,5.6
41772.072825,9.6
41772.072872,11.9
41772.072918,27.3
41772.072964,4.9
41772.073010,4.0
41772.073056,4.8
41772.073103,4.2
41772.073149,8.5
41772.073195,11.1
41772.073241,4.2
41772.073288,7.4
41772.073334,7.7
41772.073380,3.9
41772.073427,4.1
41772.073473,4.2
41772.073519,4.5
41772.073566,9.6
41772.073612,9.2
41772.073658,5.1
41772.073704,7.6
41772.073751,7.6
41772.073797,4.3
41772.073843,7.6
41772.073890,5.4
41772.073936,11.8
41772.073982,4.9
41772.074029,4.2
41772.074075,4.6
41772.074121,7.4
41772.074167,7.1
41772.074214,5.0
41772.074260,7.6
41772.074306,10.9
41772.074353,4.4
41772.074399,4.4
41772.074445,4.8
41772.074492,4.5
41772.074538,11.9
41772.074584,8.2
41772.074630,6.4
41772.074677,9.3
41772.074723,4.5
41772.074769,4.2
41772.074816,4.2
41772.074862,4.6
41772.074908,8.3
41772.074954,9.5
41772.075001,5.9
41772.075047,10.2
41772.075093,4.3
41772.075140,4.8
41772.075186,4.2
41772.075232,7.6
41772.075279,5.9
41772.075325,6.9
41772.075371,8.8
41772.075417,9.2
41772.075464,8.3
41772.075510,4.4
41772.075556,4.6
41772.075603,4.4
41772.075649,4.6
41772.075695,5.8
41772.075741,7.0
41772.075788,12.5
41772.075834,4.6
41772.075880,4.9
41772.075927,5.8
41772.075973,7.2
41772.076019,5.1
41772.076066,4.8
41772.076112,4.6
41772.076158,15.0
41772.076204,7.1
41772.076251,4.6
41772.076297,5.8
41772.076343,6.1
41772.076390,7.9
41772.076436,24.6
41772.076482,11.7
41772.076529,8.6
41772.076575,8.9
41772.076621,7.2
41772.076667,6.4
41772.076714,6.7
41772.076760,11.8
41772.076806,4.1
41772.076853,6.7
41772.076899,7.4
41772.076945,4.1
41772.076991,13.2
41772.077038,6.1
41772.077084,5.5
41772.077130,4.6
41772.077177,3.9
41772.077223,6.0
41772.077269,8.4
41772.077316,4.6
41772.077362,6.9
41772.077408,9.6
41772.077454,6.5
41772.077501,4.1
41772.077547,4.4
41772.077593,6.1
41772.077640,10.7
41772.077686,4.9
41772.077732,4.9
41772.077779,4.8
41772.077825,8.7
41772.077871,5.6
41772.077917,5.0
41772.077964,6.7
41772.078010,8.4
41772.078056,6.7
41772.078103,6.0
41772.078149,4.2
41772.078195,4.1
41772.078241,7.6
41772.078289,9.7
41772.078334,7.8
41772.078380,6.2
41772.078427,5.2
41772.078473,5.3
41772.078519,5.1
41772.078566,4.4
41772.078612,5.4
41772.078658,9.5
41772.078704,11.9
41772.078751,6.8
41772.078797,7.5
41772.078843,4.3
41772.078890,4.7
41772.078936,7.9
41772.078982,4.5
41772.079029,4.9
41772.079075,13.2
41772.079121,6.1
41772.079167,5.3
41772.079214,4.9
41772.079260,4.1
41772.079306,5.0
41772.079353,4.9
41772.079399,6.9
41772.079445,12.0
41772.079491,13.9
41772.079538,5.5
41772.079584,4.8
41772.079630,4.6
41772.079677,5.0
41772.079723,3.5
41772.079769,4.1
41772.079816,12.6
41772.079862,6.9
41772.079908,10.8
41772.079954,14.6
41772.080001,7.3
41772.080047,5.1
41772.080093,6.0
41772.080140,6.8
41772.080186,11.5
41772.080232,5.0
41772.080279,7.2
41772.080325,8.5
41772.080371,8.1
41772.080417,5.7
41772.080464,4.9
41772.080510,9.0
41772.080556,11.6
41772.080603,5.2
41772.080649,6.4
41772.080695,6.9
41772.080741,8.4
41772.080788,7.6
41772.080834,13.6
41772.080880,7.4
41772.080927,12.6
41772.080973,4.3
41772.081019,6.1
41772.081066,4.6
41772.081112,6.4
41772.081158,7.5
41772.081204,5.4
41772.081251,5.8
41772.081297,10.5
41772.081343,5.0
41772.081390,5.0
41772.081436,4.4
41772.081482,6.2
41772.081529,8.9
41772.081575,12.7
41772.081621,5.4
41772.081667,8.9
41772.081714,4.6
41772.081760,4.4
41772.081806,4.8
41772.081853,4.9
41772.081899,4.9
41772.081945,8.1
41772.081991,9.6
41772.082038,7.6
41772.082084,4.3
41772.082130,4.6
41772.082177,5.6
41772.082223,9.5
41772.082269,6.2
41772.082316,5.8
41772.082362,10.1
41772.082408,9.1
41772.082454,3.8
41772.082501,5.1
41772.082547,4.6
41772.082593,4.8
41772.082640,5.9
41772.082686,5.5
41772.082732,7.8
41772.082779,10.5
41772.082825,6.6
41772.082871,10.1
41772.082917,6.4
41772.082964,5.7
41772.083010,5.1
41772.083057,4.6
41772.083103,8.6
41772.083149,5.2
41772.083195,7.6
41772.083241,6.7
41772.083288,6.1
41772.083334,7.3
41772.083380,5.0
41772.083427,9.2
41772.083473,20.4
41772.083519,6.3
41772.083566,6.5
41772.083612,9.2
41772.083658,8.8
41772.083704,8.4
41772.083751,3.9
41772.083797,4.7
41772.083843,9.1
41772.083890,4.7
41772.083936,5.1
41772.083982,5.0
41772.084029,8.1
41772.084075,7.4
41772.084121,4.7
41772.084167,4.3
41772.084214,9.9
41772.084260,6.2
41772.084306,6.7
41772.084353,6.5
41772.084399,8.4
41772.084445,7.6
41772.084491,6.6
41772.084538,4.8
41772.084584,9.3
41772.084630,4.5
41772.084677,4.5
41772.084723,6.4
41772.084769,5.0
41772.084816,4.8
41772.084862,9.2
41772.084908,6.9
41772.084956,15.1
41772.085001,6.1
41772.085047,6.3
41772.085093,4.0
41772.085140,5.1
41772.085186,4.9
41772.085232,5.1
41772.085279,8.9
41772.085325,11.0
41772.085371,5.1
41772.085417,4.4
41772.085464,5.5
41772.085510,4.1
41772.085556,4.7
41772.085603,5.4
41772.085649,6.4
41772.085695,19.5
41772.085741,6.6
41772.085788,4.9
41772.085834,4.6
41772.085880,3.9
41772.085927,4.6
41772.085973,4.5
41772.086019,4.2
41772.086066,11.3
41772.086112,9.7
41772.086158,5.8
41772.086204,5.0
41772.086251,5.3
41772.086298,8.7
41772.086343,6.6
41772.086390,6.3
41772.086436,10.9
41772.086482,6.0
41772.086529,8.5
41772.086575,4.3
41772.086621,4.8
41772.086667,4.8
41772.086714,4.1
41772.086760,6.4
41772.086806,12.6
41772.086853,4.7
41772.086899,9.5
41772.086945,10.0
41772.086991,12.9
41772.087038,6.2
41772.087085,6.4
41772.087130,7.2
41772.087177,12.6
41772.087223,4.9
41772.087269,4.7
41772.087316,10.9
41772.087362,8.6
41772.087408,3.9
41772.087454,5.1
41772.087501,5.7
41772.087547,9.8
41772.087593,5.0
41772.087640,5.0
41772.087686,5.1
41772.087732,6.6
41772.087779,11.7
41772.087825,10.1
41772.087871,5.2
41772.087917,9.3
41772.087964,4.8
41772.088010,4.7
41772.088056,4.2
41772.088103,4.1
41772.088149,7.0
41772.088195,9.1
41772.088241,7.8
41772.088288,7.3
41772.088334,5.7
41772.088380,6.5
41772.088427,8.1
41772.088473,10.0
41772.088519,5.6
41772.088566,7.0
41772.088612,10.4
41772.088658,7.7
41772.088704,3.9
41772.088751,5.1
41772.088797,4.7
41772.088843,5.4
41772.088890,6.1
41772.088936,4.7
41772.088982,9.8
41772.089029,11.1
41772.089075,8.3
41772.089121,5.6
41772.089167,6.6
41772.089214,6.9
41772.089260,4.6
41772.089306,4.4
41772.089353,7.6
41772.089399,8.4
41772.089445,7.1
41772.089491,5.1
41772.089538,4.7
41772.089584,5.9
41772.089630,4.1
41772.089677,4.4
41772.089723,11.9
41772.089769,5.7
41772.089816,9.1
41772.089862,9.2
41772.089908,6.5
41772.089954,5.0
41772.090001,4.3
41772.090047,4.7
41772.090094,10.7
41772.090140,4.5
41772.090186,4.6
41772.090232,8.3
41772.090279,7.9
41772.090325,9.4
41772.090371,4.7
41772.090418,7.4
41772.090464,17.1
41772.090510,15.1
41772.090556,6.4
41772.090603,7.2
41772.090649,9.6
41772.090695,5.7
41772.090741,4.1
41772.090788,5.2
41772.090834,9.8
41772.090881,5.2
41772.090927,4.7
41772.090973,7.2
41772.091019,6.5
41772.091066,8.6
41772.091112,7.2
41772.091158,9.5
41772.091204,14.7
41772.091251,7.0
41772.091297,6.2
41772.091343,5.6
41772.091390,4.5
41772.091436,4.4
41772.091482,10.9
41772.091529,5.6
41772.091575,9.1
41772.091621,8.1
41772.091667,5.8
41772.091714,4.3
41772.091760,4.3
41772.091806,5.5
41772.091853,5.4
41772.091899,10.5
41772.091945,12.9
41772.091991,6.6
41772.092038,4.8
41772.092084,4.7
41772.092130,4.3
41772.092177,5.2
41772.092223,4.9
41772.092269,5.9
41772.092316,18.0
41772.092362,7.0
41772.092408,4.7
41772.092454,4.5
41772.092501,5.6
41772.092547,5.2
41772.092593,6.8
41772.092640,6.4
41772.092686,26.9
41772.092732,7.3
41772.092779,6.8
41772.092825,8.9
41772.092871,4.2
41772.092917,5.4
41772.092964,4.6
41772.093010,5.5
41772.093056,10.2
41772.093103,5.1
41772.093149,5.9
41772.093195,8.4
41772.093241,5.7
41772.093288,7.3
41772.093334,7.0
41772.093380,6.6
41772.093427,12.7
41772.093473,4.7
41772.093519,4.2
41772.093566,6.7
41772.093613,8.7
41772.093658,4.7
41772.093704,5.5
41772.093751,7.7
41772.093797,8.7
41772.093843,5.3
41772.093890,6.1
41772.093936,5.1
41772.093982,15.9
41772.094029,16.0
41772.094075,7.2
41772.094121,6.3
41772.094167,8.5
41772.094214,4.3
41772.094260,4.8
41772.094306,5.0
41772.094353,4.9
41772.094399,10.0
41772.094445,10.4
41772.094491,7.3
41772.094538,6.6
41772.094584,5.1
41772.094630,4.4
41772.094677,7.1
41772.094723,6.1
41772.094769,6.8
41772.094816,5.8
41772.094862,12.2
41772.094908,5.5
41772.094954,7.1
41772.095001,5.2
41772.095047,4.7
41772.095093,5.2
41772.095140,5.9
41772.095186,5.4
41772.095232,10.2
41772.095279,9.0
41772.095325,5.5
41772.095371,6.8
41772.095417,6.1
41772.095464,7.0
41772.095510,4.9
41772.095556,4.8
41772.095603,11.2
41772.095649,6.1
41772.095695,9.4
41772.095741,5.3
41772.095788,5.1
41772.095834,6.0
41772.095880,5.6
41772.095927,4.7
41772.095973,8.5
41772.096019,5.6
41772.096066,8.2
41772.096112,10.6
41772.096158,10.6
41772.096204,5.4
41772.096251,4.6
41772.096297,4.8
41772.096343,9.6
41772.096390,4.8
41772.096436,5.0
41772.096482,6.3
41772.096529,9.5
41772.096575,5.2
41772.096621,4.6
41772.096667,5.2
41772.096714,9.7
41772.096760,6.6
41772.096806,10.0
41772.096853,6.9
41772.096899,6.7
41772.096945,7.5
41772.096991,5.2
41772.097038,4.4
41772.097084,9.5
41772.097130,5.4
41772.097177,5.1
41772.097223,6.3
41772.097269,5.1
41772.097316,8.9
41772.097362,7.6
41772.097408,10.4
41772.097454,12.6
41772.097501,11.2
41772.097547,11.4
41772.097593,5.5
41772.097640,4.6
41772.097686,4.7
41772.097732,9.8
41772.097779,8.1
41772.097825,10.6
41772.097871,5.0
41772.097917,4.7
41772.097964,4.9
41772.098010,4.6
41772.098056,5.5
41772.098103,4.4
41772.098149,8.1
41772.098195,15.6
41772.098241,6.7
41772.098288,8.4
41772.098334,4.7
41772.098380,4.3
41772.098427,4.4
41772.098473,4.9
41772.098519,6.4
41772.098566,10.2
41772.098612,9.9
41772.098658,5.8
41772.098704,4.9
41772.098751,5.0
41772.098797,5.2
41772.098843,6.6
41772.098890,8.7
41772.098936,13.8
41772.098982,6.5
41772.099029,8.1
41772.099075,5.0
41772.099121,4.9
41772.099167,4.8
41772.099214,4.8
41772.099260,7.4
41772.099306,9.1
41772.099353,5.8
41772.099399,5.6
41772.099445,8.7
41772.099491,5.5
41772.099539,11.2
41772.099584,6.8
41772.099630,9.3
41772.099677,8.6
41772.099723,4.1
41772.099769,4.5
41772.099816,5.0
41772.099862,8.5
41772.099908,4.9
41772.099954,6.1
41772.100001,9.5
41772.100047,7.2
41772.100093,4.3
41772.100140,5.4
41772.100186,4.9
41772.100232,10.7
41772.100279,10.9
41772.100325,7.6
41772.100371,9.6
41772.100417,4.7
41772.100464,4.8
41772.100510,4.8
41772.100556,4.6
41772.100603,4.7
41772.100649,6.4
41772.100695,10.6
41772.100741,13.8
41772.100788,5.2
41772.100834,6.0
41772.100880,5.7
41772.100927,6.7
41772.100973,6.3
41772.101019,11.7
41772.101066,11.9
41772.101112,11.1
41772.101158,7.7
41772.101204,4.9
41772.101251,4.6
41772.101297,4.8
41772.101343,5.4
41772.101390,6.3
41772.101436,5.2
41772.101482,9.4
41772.101529,7.7
41772.101575,7.1
41772.101621,6.5
41772.101667,9.9
41772.101714,6.6
41772.101760,5.0
41772.101806,5.4
41772.101853,9.9
41772.101899,5.0
41772.101945,6.8
41772.101991,7.4
41772.102038,5.4
41772.102084,6.1
41772.102130,5.0
41772.102177,4.6
41772.102223,9.4
41772.102269,5.0
41772.102316,10.3
41772.102362,7.9
41772.102408,10.2
41772.102454,5.9
41772.102501,4.7
41772.102548,4.4
41772.102593,9.5
41772.102640,4.7
41772.102686,4.8
41772.102732,5.1
41772.102779,7.2
41772.102825,8.5
41772.102871,5.5
41772.102917,3.5
41772.102964,13.9
41772.103010,6.8
41772.103056,6.3
41772.103103,6.5
41772.103149,5.1
41772.103195,4.9
41772.103241,8.6
41772.103288,6.1
41772.103334,9.3
41772.103380,4.9
41772.103427,5.0
41772.103473,6.0
41772.103519,5.5
41772.103566,8.2
41772.103612,5.2
41772.103658,10.4
41772.103704,11.4
41772.103751,6.0
41772.103797,7.1
41772.103843,5.9
41772.103890,4.7
41772.103936,4.9
41772.103982,4.7
41772.104029,7.9
41772.104075,10.7
41772.104121,10.4
41772.104167,6.1
41772.104214,6.3
41772.104260,4.9
41772.104306,6.3
41772.104353,5.1
41772.104399,11.1
41772.104445,9.2
41772.104491,11.5
41772.104538,16.6
41772.104584,8.3
41772.104630,4.3
41772.104677,4.7
41772.104723,4.7
41772.104769,8.9
41772.104816,5.6
41772.104862,5.6
41772.104908,10.3
41772.104954,4.9
41772.105001,5.4
41772.105047,8.7
41772.105093,6.2
41772.105140,11.4
41772.105186,6.6
41772.105232,5.1
41772.105279,4.9
41772.105325,8.9
41772.105371,5.4
41772.105417,4.7
41772.105464,4.7
41772.105510,10.4
41772.105556,5.7
41772.105603,5.4
41772.105649,8.5
41772.105695,5.9
41772.105741,9.3
41772.105788,10.6
41772.105834,6.3
41772.105880,10.8
41772.105927,5.8
41772.105973,5.3
41772.106019,4.6
41772.106066,4.3
41772.106112,5.1
41772.106158,8.4
41772.106204,5.6
41772.106251,14.3
41772.106297,5.7
41772.106343,4.8
41772.106390,5.3
41772.106436,4.7
41772.106482,6.3
41772.106529,7.6
41772.106575,9.2
41772.106621,11.6
41772.106667,5.6
41772.106714,3.6
41772.106760,4.4
41772.106806,5.0
41772.106853,4.9
41772.106899,5.1
41772.106945,10.5
41772.106991,14.4
41772.107038,5.2
41772.107084,5.2
41772.107130,5.0
41772.107177,6.3
41772.107223,6.7
41772.107269,6.5
41772.107316,5.1
41772.107362,9.8
41772.107408,8.2
41772.107454,8.6
41772.107501,4.6
41772.107547,4.3
41772.107593,4.9
41772.107640,6.4
41772.107686,6.2
41772.107732,9.7
41772.107779,5.5
41772.107825,9.1
41772.107871,9.3
41772.107917,6.5
41772.107964,6.9
41772.108010,9.4
41772.108056,10.9
41772.108103,11.7
41772.108149,4.2
41772.108195,5.0
41772.108241,7.5
41772.108288,7.1
41772.108334,5.8
41772.108380,9.6
41772.108427,4.7
41772.108473,10.5
41772.108519,4.9
41772.108566,6.4
41772.108612,6.3
41772.108658,10.4
41772.108704,6.2
41772.108751,4.9
41772.108797,5.0
41772.108843,23.5
41772.108890,4.4
41772.108936,4.7
41772.108982,4.6
41772.109029,9.1
41772.109075,8.9
41772.109121,6.8
41772.109168,5.4
41772.109214,9.5
41772.109260,6.9
41772.109306,6.9
41772.109353,6.2
41772.109399,5.1
41772.109445,5.0
41772.109492,8.6
41772.109538,8.6
41772.109584,10.9
41772.109631,4.6
41772.109677,4.6
41772.109723,5.2
41772.109769,5.1
41772.109816,5.2
41772.109862,5.8
41772.109909,7.5
41772.109955,13.6
41772.110001,6.4
41772.110047,6.9
41772.110094,5.2
41772.110140,5.1
41772.110186,5.2
41772.110232,8.5
41772.110279,6.1
41772.110325,10.6
41772.110371,7.1
41772.110418,5.5
41772.110464,5.4
41772.110510,4.9
41772.110556,4.9
41772.110603,5.0
41772.110649,9.7
41772.110695,8.4
41772.110742,9.8
41772.110788,12.0
41772.110834,5.0
41772.110881,5.5
41772.110927,5.1
41772.110973,4.9
41772.111019,7.7
41772.111066,6.7
41772.111112,6.1
41772.111159,8.6
41772.111205,7.0
41772.111251,5.6
41772.111298,5.7
41772.111344,6.6
41772.111390,14.5
41772.111436,6.7
41772.111483,6.1
41772.111529,5.0
41772.111576,13.7
41772.111621,11.1
41772.111668,4.8
41772.111714,8.3
41772.111761,9.2
41772.111807,6.1
41772.111853,4.5
41772.111899,5.0
41772.111946,6.2
41772.111992,7.6
41772.112038,9.5
41772.112085,6.6
41772.112131,11.1
41772.112178,5.3
41772.112224,4.7
41772.112270,5.1
41772.112316,8.5
41772.112362,4.9
41772.112409,7.4
41772.112455,7.9
41772.112501,10.8
41772.112548,4.6
41772.112594,5.2
41772.112640,5.5
41772.112687,4.9
41772.112733,6.4
41772.112779,6.4
41772.112826,8.4
41772.112872,15.8
41772.112918,5.3
41772.112964,4.7
41772.113011,5.6
41772.113057,4.8
41772.113103,4.6
41772.113150,5.3
41772.113196,6.2
41772.113242,10.8
41772.113289,7.8
41772.113335,6.0
41772.113381,5.3
41772.113427,6.2
41772.113474,6.0
41772.113520,5.6
41772.113566,9.3
41772.113613,11.0
41772.113659,5.4
41772.113705,7.1
41772.113751,6.5
41772.113798,5.2
41772.113844,5.0
41772.113890,5.3
41772.113937,5.2
41772.113983,8.8
41772.114029,5.1
41772.114076,5.3
41772.114122,7.7
41772.114168,13.4
41772.114214,6.6
41772.114261,5.1
41772.114307,4.9
41772.114353,9.0
41772.114400,5.4
41772.114446,4.7
41772.114492,4.8
41772.114539,7.3
41772.114585,9.1
41772.114631,5.0
41772.114677,5.2
41772.114724,9.6
41772.114770,9.0
41772.114816,8.3
41772.114863,6.3
41772.114909,8.1
41772.114955,7.4
41772.115001,7.4
41772.115048,5.5
41772.115094,20.3
41772.115140,7.8
41772.115187,4.9
41772.115233,5.1
41772.115279,5.1
41772.115326,4.9
41772.115372,5.9
41772.115418,8.5
41772.115465,10.9
41772.115511,6.7
41772.115557,6.1
41772.115603,9.1
41772.115650,5.2
41772.115696,4.6
41772.115742,4.9
41772.115789,7.0
41772.115835,12.2
41772.115881,5.1
41772.115928,5.8
41772.115974,5.6
41772.116020,5.1
41772.116066,4.2
41772.116113,5.2
41772.116159,6.5
41772.116205,12.0
41772.116252,13.0
41772.116298,6.9
41772.116344,4.8
41772.116391,5.0
41772.116437,4.7
41772.116483,4.7
41772.116530,8.1
41772.116576,6.3
41772.116622,6.5
41772.116668,8.9
41772.116715,5.5
41772.116761,4.5
41772.116807,4.4
41772.116854,5.1
41772.116900,13.6
41772.116946,7.9
41772.116992,7.4
41772.117039,6.6
41772.117085,7.3
41772.117131,5.4
41772.117178,4.9
41772.117224,4.9
41772.117270,8.6
41772.117316,5.9
41772.117363,5.6
41772.117409,4.9
41772.117455,7.8
41772.117501,11.7
41772.117548,5.0
41772.117594,6.9
41772.117640,11.6
41772.117687,6.7
41772.117733,4.9
41772.117779,4.2
41772.117826,4.7
41772.117872,7.2
41772.117918,7.1
41772.117965,5.3
41772.118011,10.3
41772.118057,5.4
41772.118103,7.8
41772.118150,5.1
41772.118196,5.2
41772.118242,5.4
41772.118289,11.5
41772.118335,9.2
41772.118381,12.3
41772.118427,5.2
41772.118474,4.5
41772.118520,4.3
41772.118566,4.8
41772.118613,13.1
41772.118659,7.9
41772.118705,7.9
41772.118751,12.8
41772.118798,4.8
41772.118844,5.2
41772.118890,4.9
41772.118937,5.0
41772.118983,6.7
41772.119029,10.3
41772.119076,6.6
41772.119122,12.8
41772.119168,6.2
41772.119214,4.9
41772.119261,4.8
41772.119307,4.9
41772.119353,5.3
41772.119400,5.3
41772.119446,4.9
41772.119492,9.8
41772.119539,8.6
41772.119585,5.8
41772.119631,8.0
41772.119677,6.8
41772.119724,7.1
41772.119770,6.4
41772.119816,5.1
41772.119863,9.4
41772.119909,5.4
41772.119955,9.4
41772.120001,5.0
41772.120048,5.2
41772.120094,5.2
41772.120140,5.7
41772.120187,6.1
41772.120233,11.3
41772.120279,5.0
41772.120326,5.6
41772.120372,10.6
41772.120418,7.8
41772.120464,6.9
41772.120511,5.9
41772.120557,5.4
41772.120603,10.5
41772.120650,5.0
41772.120696,4.4
41772.120742,5.7
41772.120789,9.8
41772.120835,9.2
41772.120881,4.8
41772.120927,5.6
41772.120974,8.3
41772.121020,4.9
41772.121066,7.1
41772.121113,7.1
41772.121159,9.2
41772.121205,7.5
41772.121251,4.8
41772.121298,7.8
41772.121344,7.0
41772.121390,4.5
41772.121437,8.7
41772.121483,7.6
41772.121529,5.6
41772.121576,8.0
41772.121622,7.6
41772.121668,9.0
41772.121714,6.3
41772.121761,6.8
41772.121807,8.2
41772.121853,7.0
41772.121900,7.4
41772.121946,7.9
41772.121992,6.9
41772.122039,11.9
41772.122085,4.8
41772.122131,10.4
41772.122177,8.0
41772.122224,6.0
41772.122270,5.3
41772.122316,4.3
41772.122363,8.6
41772.122409,11.9
41772.122455,9.2
41772.122501,7.3
41772.122548,6.9
41772.122594,5.5
41772.122640,4.7
41772.122687,4.3
41772.122733,4.3
41772.122779,8.7
41772.122826,8.1
41772.122872,7.1
41772.122918,9.4
41772.122964,5.4
41772.123011,5.1
41772.123057,4.6
41772.123103,5.2
41772.123150,11.4
41772.123196,6.2
41772.123242,10.9
41772.123289,6.8
41772.123335,4.9
41772.123381,4.8
41772.123427,5.0
41772.123474,3.7
41772.123520,13.1
41772.123566,5.8
41772.123613,5.9
41772.123659,10.0
41772.123705,5.3
41772.123751,5.4
41772.123798,5.1
41772.123844,7.1
41772.123890,11.4
41772.123937,7.2
41772.123983,5.6
41772.124029,6.1
41772.124076,8.8
41772.124122,8.1
41772.124168,4.5
41772.124214,4.6
41772.124261,9.4
41772.124307,6.2
41772.124353,5.0
41772.124400,4.9
41772.124446,7.6
41772.124492,7.7
41772.124539,6.8
41772.124585,6.8
41772.124631,11.8
41772.124677,5.6
41772.124724,8.9
41772.124770,5.1
41772.124816,4.5
41772.124863,7.4
41772.124909,6.9
41772.124955,5.8
41772.125001,10.5
41772.125048,4.1
41772.125094,4.0
41772.125140,5.2
41772.125187,3.6
41772.125233,3.6
41772.125279,4.1
41772.125326,5.0
41772.125372,14.1
41772.125418,2.8
41772.125464,2.6
41772.125511,2.3
41772.125557,0.9
41772.125603,2.4
41772.125650,6.8
41772.125696,4.6
41772.125742,4.1
41772.125788,8.4
41772.125835,7.3
41772.125881,7.6
41772.125927,6.3
41772.125974,5.2
41772.126020,3.1
41772.126066,4.4
41772.126113,4.8
41772.126160,7.6
41772.126205,5.6
41772.126251,4.4
41772.126298,1.8
41772.126344,1.8
41772.126390,2.1
41772.126437,3.7
41772.126483,4.5
41772.126529,9.9
41772.126576,4.9
41772.126622,6.4
41772.126668,12.3
41772.126714,7.8
41772.126761,4.7
41772.126807,1.9
41772.126853,2.3
41772.126900,7.9
41772.126946,3.2
41772.126992,3.8
41772.127039,3.2
41772.127085,10.1
41772.127131,6.4
41772.127177,4.3
41772.127224,4.9
41772.127270,10.3
41772.127316,6.5
41772.127363,6.2
41772.127409,25.3
41772.127455,26.6
41772.127501,22.5
41772.127548,5.3
41772.127594,4.4
41772.127640,10.6
41772.127687,4.4
41772.127733,5.1
41772.127779,5.8
41772.127826,5.5
41772.127872,4.5
41772.127918,10.1
41772.127964,6.0
41772.128011,11.1
41772.128057,9.7
41772.128103,6.5
41772.128150,5.3
41772.128196,5.7
41772.128242,4.1
41772.128289,5.3
41772.128335,9.8
41772.128381,10.1
41772.128427,5.1
41772.128474,6.1
41772.128520,5.9
41772.128566,4.8
41772.128613,5.3
41772.128659,5.1
41772.128705,8.1
41772.128751,16.9
41772.128798,9.0
41772.128844,6.5
41772.128890,6.5
41772.128937,4.4
41772.128983,4.9
41772.129029,4.9
41772.129076,6.3
41772.129122,11.3
41772.129168,20.8
41772.129214,5.6
41772.129261,6.0
41772.129307,4.8
41772.129353,5.1
41772.129400,6.6
41772.129446,6.3
41772.129492,11.8
41772.129539,10.1
41772.129585,9.8
41772.129631,4.5
41772.129677,5.4
41772.129724,4.4
41772.129770,4.6
41772.129816,5.6
41772.129863,11.6
41772.129909,5.1
41772.129955,7.2
41772.130001,8.0
41772.130048,5.0
41772.130094,6.4
41772.130140,10.3
41772.130187,6.9
41772.130233,11.1
41772.130279,5.6
41772.130326,5.0
41772.130372,6.1
41772.130418,7.5
41772.130464,4.9
41772.130511,5.4
41772.130557,6.0
41772.130603,10.1
41772.130650,5.2
41772.130696,5.2
41772.130742,4.9
41772.130789,13.7
41772.130835,9.4
41772.130881,6.5
41772.130927,7.4
41772.130974,8.1
41772.131020,5.1
41772.131066,4.8
41772.131113,4.4
41772.131159,4.8
41772.131205,8.0
41772.131251,9.0
41772.131298,6.4
41772.131344,11.3
41772.131390,5.4
41772.131437,5.0
41772.131483,6.5
41772.131529,6.6
41772.131576,6.1
41772.131622,8.6
41772.131668,10.4
41772.131715,6.7
41772.131761,4.8
41772.131807,5.2
41772.131854,4.6
41772.131900,5.2
41772.131946,6.1
41772.131992,8.8
41772.132039,11.1
41772.132085,10.0
41772.132131,4.2
41772.132178,6.4
41772.132224,6.5
41772.132270,6.5
41772.132316,6.8
41772.132363,5.9
41772.132409,10.0
41772.132456,11.2
41772.132501,7.7
41772.132548,4.7
41772.132594,5.6
41772.132640,8.4
41772.132687,11.5
41772.132733,5.8
41772.132779,11.4
41772.132826,3.9
41772.132872,14.5
41772.132918,7.7
41772.132964,6.5
41772.133011,5.7
41772.133057,4.7
41772.133103,5.6
41772.133150,9.7
41772.133196,4.6
41772.133242,5.2
41772.133289,8.4
41772.133335,7.2
41772.133381,5.8
41772.133427,5.2
41772.133474,10.2
41772.133520,9.5
41772.133566,6.3
41772.133613,6.8
41772.133659,7.4
41772.133705,9.8
41772.133751,5.8
41772.133798,5.0
41772.133844,5.5
41772.133891,8.6
41772.133937,4.7
41772.133983,5.4
41772.134029,9.2
41772.134076,6.5
41772.134122,7.9
41772.134168,6.2
41772.134214,5.3
41772.134261,11.4
41772.134307,6.9
41772.134353,5.4
41772.134400,5.4
41772.134446,5.1
41772.134492,5.9
41772.134539,7.2
41772.134585,6.5
41772.134631,13.5
41772.134678,5.2
41772.134724,6.1
41772.134770,5.4
41772.134816,4.9
41772.134863,6.4
41772.134909,4.7
41772.134955,8.6
41772.135002,15.8
41772.135048,6.6
41772.135094,5.4
41772.135141,4.7
41772.135187,5.0
41772.135233,9.4
41772.135279,4.4
41772.135326,5.6
41772.135372,12.0
41772.135418,8.4
41772.135464,5.3
41772.135511,5.1
41772.135557,6.0
41772.135603,5.5
41772.135650,6.3
41772.135696,6.8
41772.135742,12.2
41772.135789,13.3
41772.135835,7.2
41772.135881,5.5
41772.135929,5.5
41772.135974,4.6
41772.136020,5.0
41772.136066,5.8
41772.136113,10.9
41772.136159,8.1
41772.136205,18.2
41772.136251,7.8
41772.136298,5.7
41772.136344,6.0
41772.136390,6.2
41772.136437,6.6
41772.136483,9.5
41772.136529,5.2
41772.136576,4.8
41772.136622,9.3
41772.136668,10.4
41772.136715,4.9
41772.136761,5.1
41772.136807,8.1
41772.136854,8.5
41772.136900,4.9
41772.136946,5.6
41772.136992,7.2
41772.137039,7.5
41772.137085,8.4
41772.137131,7.0
41772.137178,7.8
41772.137224,7.0
41772.137270,8.3
41772.137317,4.7
41772.137363,4.7
41772.137409,5.6
41772.137456,9.5
41772.137502,6.9
41772.137548,8.8
41772.137594,6.0
41772.137641,5.5
41772.137687,5.4
41772.137733,6.1
41772.137779,6.7
41772.137826,6.8
41772.137872,14.3
41772.137918,10.2
41772.137965,5.2
41772.138011,4.3
41772.138057,5.5
41772.138104,3.6
41772.138150,4.9
41772.138196,6.0
41772.138243,5.5
41772.138289,12.9
41772.138335,6.5
41772.138382,5.2
41772.138428,6.5
41772.138474,6.9
41772.138521,11.0
41772.138567,5.5
41772.138613,5.3
41772.138659,10.5
41772.138706,8.7
41772.138752,5.6
41772.138798,4.9
41772.138845,5.3
41772.138891,6.4
41772.138937,5.1
41772.138983,4.9
41772.139030,9.9
41772.139076,6.6
41772.139123,14.6
41772.139169,7.0
41772.139215,6.9
41772.139261,5.3
41772.139308,6.3
41772.139354,6.2
41772.139400,9.4
41772.139446,5.9
41772.139493,6.0
41772.139539,8.4
41772.139585,6.8
41772.139632,9.3
41772.139678,8.4
41772.139724,10.7
41772.139770,9.9
41772.139817,7.4
41772.139863,6.4
41772.139909,8.1
41772.139956,13.2
41772.140002,5.4
41772.140048,5.2
41772.140095,4.6
41772.140141,10.1
41772.140187,5.4
41772.140233,5.3
41772.140280,5.8
41772.140326,6.1
41772.140372,8.7
41772.140419,5.7
41772.140465,6.2
41772.140511,10.7
41772.140558,11.0
41772.140604,7.0
41772.140650,5.9
41772.140696,4.9
41772.140743,7.3
41772.140789,8.1
41772.140835,8.1
41772.140882,7.3
41772.140928,4.8
41772.140974,5.9
41772.141021,4.5
41772.141067,4.7
41772.141113,5.3
41772.141159,6.0
41772.141206,18.7
41772.141252,8.3
41772.141298,6.1
41772.141344,5.9
41772.141391,4.9
41772.141437,4.6
41772.141483,5.1
41772.141530,4.9
41772.141576,10.9
41772.141622,8.7
41772.141668,6.4
41772.141715,5.4
41772.141761,8.7
41772.141807,5.2
41772.141854,5.4
41772.141900,6.9
41772.141946,12.3
41772.141993,7.5
41772.142039,9.9
41772.142085,5.0
41772.142131,4.7
41772.142178,5.0
41772.142224,4.8
41772.142270,5.0
41772.142317,10.3
41772.142363,9.6
41772.142409,7.7
41772.142456,7.3
41772.142502,5.9
41772.142548,5.6
41772.142594,6.3
41772.142641,6.6
41772.142687,11.5
41772.142733,5.7
41772.142780,6.0
41772.142826,5.0
41772.142872,13.7
41772.142918,5.1
41772.142965,4.9
41772.143011,6.0
41772.143058,10.1
41772.143104,5.4
41772.143150,4.3
41772.143196,10.2
41772.143243,14.1
41772.143289,11.0
41772.143335,6.9
41772.143381,7.1
41772.143428,11.0
41772.143474,5.1
41772.143521,4.6
41772.143567,4.4
41772.143613,5.0
41772.143659,7.4
41772.143706,8.8
41772.143752,5.9
41772.143798,14.2
41772.143845,4.0
41772.143891,5.7
41772.143937,4.8
41772.143983,5.8
41772.144030,6.7
41772.144076,9.8
41772.144122,8.5
41772.144169,9.8
41772.144215,4.9
41772.144261,5.1
41772.144308,5.3
41772.144354,4.6
41772.144400,6.0
41772.144446,9.0
41772.144493,9.7
41772.144539,10.4
41772.144585,5.4
41772.144631,4.7
41772.144678,6.6
41772.144724,6.2
41772.144770,7.5
41772.144817,5.2
41772.144863,5.0
41772.144909,13.4
41772.144956,9.4
41772.145002,5.0
41772.145048,5.1
41772.145094,5.6
41772.145141,6.3
41772.145187,5.6
41772.145233,6.4
41772.145280,9.1
41772.145326,9.2
41772.145372,7.3
41772.145419,6.6
41772.145465,7.2
41772.145511,5.3
41772.145558,4.7
41772.145604,10.2
41772.145651,7.5
41772.145696,5.4
41772.145743,9.1
41772.145789,5.4
41772.145835,5.7
41772.145882,5.5
41772.145928,5.1
41772.145974,8.1
41772.146021,8.1
41772.146067,7.0
41772.146113,8.8
41772.146159,14.7
41772.146206,5.3
41772.146252,5.2
41772.146298,5.9
41772.146344,8.8
41772.146391,6.5
41772.146437,5.3
41772.146483,5.7
41772.146530,8.4
41772.146576,7.4
41772.146622,5.0
41772.146669,4.5
41772.146716,21.6
41772.146761,10.5
41772.146808,6.5
41772.146854,7.3
41772.146900,5.7
41772.146946,8.4
41772.146993,6.8
41772.147039,8.9
41772.147085,9.1
41772.147132,5.1
41772.147178,5.0
41772.147224,6.3
41772.147271,5.3
41772.147317,4.4
41772.147363,8.8
41772.147409,6.8
41772.147456,11.6
41772.147502,6.3
41772.147548,6.6
41772.147594,6.6
41772.147641,8.1
41772.147687,5.2
41772.147733,5.0
41772.147780,8.7
41772.147826,11.1
41772.147872,5.4
41772.147919,6.0
41772.147965,5.0
41772.148011,5.2
41772.148058,5.4
41772.148104,5.3
41772.148150,6.7
41772.148196,15.8
41772.148243,10.6
41772.148289,6.8
41772.148335,4.6
41772.148382,4.8
41772.148428,4.8
41772.148474,4.9
41772.148521,5.2
41772.148567,10.8
41772.148613,10.0
41772.148659,6.3
41772.148706,4.8
41772.148752,4.9
41772.148798,5.5
41772.148845,6.2
41772.148891,10.3
41772.148937,12.0
41772.148983,7.0
41772.149030,8.5
41772.149076,5.0
41772.149122,4.6
41772.149168,3.5
41772.149215,4.6
41772.149261,7.1
41772.149307,9.2
41772.149354,5.1
41772.149400,6.7
41772.149446,7.5
41772.149493,9.5
41772.149539,6.7
41772.149585,6.5
41772.149631,9.4
41772.149678,7.6
41772.149724,5.4
41772.149771,4.7
41772.149817,7.1
41772.149863,9.4
41772.149909,5.2
41772.149956,5.2
41772.150002,11.8
41772.150048,8.2
41772.150094,5.5
41772.150141,5.5
41772.150187,5.3
41772.150233,16.2
41772.150280,11.8
41772.150326,10.5
41772.150372,9.5
41772.150418,6.3
41772.150465,5.1
41772.150511,5.2
41772.150557,4.6
41772.150604,5.2
41772.150650,6.6
41772.150696,9.3
41772.150743,7.9
41772.150789,7.1
41772.150835,5.1
41772.150882,5.3
41772.150928,6.7
41772.150974,10.0
41772.151020,6.9
41772.151067,7.4
41772.151113,11.7
41772.151159,5.4
41772.151206,4.7
41772.151252,4.5
41772.151298,4.4
41772.151345,5.6
41772.151391,5.9
41772.151437,5.0
41772.151483,12.6
41772.151530,11.8
41772.151576,5.5
41772.151622,6.7
41772.151668,6.9
41772.151715,6.4
41772.151761,5.2
41772.151808,5.3
41772.151854,9.6
41772.151900,8.4
41772.151946,7.2
41772.151993,4.6
41772.152039,5.4
41772.152085,5.8
41772.152132,4.9
41772.152178,5.4
41772.152224,14.3
41772.152270,4.9
41772.152317,10.9
41772.152363,7.4
41772.152409,6.8
41772.152456,5.5
41772.152502,5.2
41772.152548,4.9
41772.152595,10.3
41772.152641,4.6
41772.152687,5.3
41772.152733,13.3
41772.152780,6.8
41772.152826,5.2
41772.152872,5.4
41772.152919,5.3
41772.152965,9.3
41772.153011,7.7
41772.153058,6.7
41772.153104,7.1
41772.153150,10.1
41772.153196,5.4
41772.153243,5.1
41772.153289,5.4
41772.153335,14.3
41772.153382,4.4
41772.153428,5.2
41772.153474,6.1
41772.153521,5.2
41772.153567,9.1
41772.153613,5.2
41772.153660,4.9
41772.153706,11.9
41772.153752,20.3
41772.153800,6.8
41772.153845,5.8
41772.153891,4.5
41772.153937,6.3
41772.153983,8.4
41772.154030,4.9
41772.154076,9.6
41772.154122,5.6
41772.154169,6.0
41772.154215,4.9
41772.154261,8.9
41772.154308,5.4
41772.154354,6.9
41772.154400,10.1
41772.154446,12.2
41772.154493,6.8
41772.154539,5.9
41772.154585,5.1
41772.154632,5.2
41772.154678,4.9
41772.154724,5.1
41772.154771,6.6
41772.154817,15.7
41772.154863,6.9
41772.154909,4.8
41772.154956,4.5
41772.155002,5.9
41772.155048,5.5
41772.155095,5.5
41772.155141,7.6
41772.155187,9.6
41772.155233,6.3
41772.155280,6.8
41772.155326,5.9
41772.155372,4.7
41772.155419,5.5
41772.155465,8.9
41772.155511,7.2
41772.155558,8.5
41772.155604,4.8
41772.155650,3.9
41772.155696,9.0
41772.155743,7.5
41772.155789,6.8
41772.155835,6.7
41772.155882,11.0
41772.155928,6.5
41772.155974,4.9
41772.156021,4.7
41772.156067,9.6
41772.156113,7.3
41772.156159,7.9
41772.156206,5.4
41772.156252,10.7
41772.156298,4.8
41772.156345,4.3
41772.156391,6.0
41772.156437,4.5
41772.156483,6.8
41772.156530,10.7
41772.156576,8.7
41772.156622,13.1
41772.156669,5.9
41772.156715,4.4
41772.156761,6.3
41772.156808,6.2
41772.156854,5.9
41772.156900,5.1
41772.156946,10.6
41772.156993,9.3
41772.157039,4.6
41772.157085,5.9
41772.157132,5.3
41772.157178,10.3
41772.157224,7.1
41772.157271,16.0
41772.157317,5.9
41772.157363,12.8
41772.157409,5.5
41772.157456,5.1
41772.157502,4.7
41772.157548,7.6
41772.157595,5.8
41772.157641,6.1
41772.157687,5.4
41772.157733,10.0
41772.157780,9.3
41772.157826,5.8
41772.157872,5.9
41772.157919,7.1
41772.157965,6.6
41772.158011,5.3
41772.158058,5.0
41772.158104,9.3
41772.158150,11.4
41772.158196,7.6
41772.158243,4.9
41772.158289,5.6
41772.158335,5.8
41772.158382,4.9
41772.158428,5.1
41772.158474,9.8
41772.158521,5.8
41772.158567,8.4
41772.158613,9.6
41772.158659,6.6
41772.158706,9.8
41772.158752,5.4
41772.158798,4.9
41772.158845,9.7
41772.158891,5.1
41772.158937,4.9
41772.158983,8.7
41772.159030,7.8
41772.159076,5.4
41772.159122,4.9
41772.159169,5.1
41772.159215,9.8
41772.159261,7.1
41772.159308,6.6
41772.159354,10.7
41772.159400,9.4
41772.159446,6.4
41772.159493,5.3
41772.159539,4.4
41772.159586,9.7
41772.159632,4.5
41772.159678,5.6
41772.159725,6.7
41772.159771,5.4
41772.159817,8.6
41772.159863,6.0
41772.159910,5.3
41772.159956,16.8
41772.160002,6.7
41772.160048,7.0
41772.160095,5.8
41772.160141,5.4
41772.160187,6.0
41772.160234,9.2
41772.160280,6.9
41772.160326,10.6
41772.160373,5.4
41772.160419,5.9
41772.160465,9.0
41772.160512,4.8
41772.160558,4.5
41772.160604,8.3
41772.160650,8.8
41772.160697,11.2
41772.160743,7.6
41772.160789,18.0
41772.160836,4.8
41772.160882,5.0
41772.160928,4.9
41772.160975,5.8
41772.161021,9.3
41772.161067,9.8
41772.161113,6.1
41772.161160,4.9
41772.161206,4.5
41772.161252,4.8
41772.161299,5.0
41772.161345,6.3
41772.161391,9.4
41772.161438,16.3
41772.161484,7.9
41772.161530,4.7
41772.161576,4.9
41772.161623,4.6
41772.161669,5.9
41772.161715,4.4
41772.161761,6.8
41772.161808,9.9
41772.161854,7.3
41772.161901,7.2
41772.161947,5.6
41772.161993,4.7
41772.162039,10.9
41772.162086,6.3
41772.162132,9.6
41772.162178,8.0
41772.162224,4.8
41772.162271,7.9
41772.162317,6.8
41772.162363,4.9
41772.162410,5.2
41772.162456,5.5
41772.162502,9.7
41772.162548,5.8
41772.162595,4.8
41772.162641,9.6
41772.162687,8.4
41772.162734,9.6
41772.162780,7.1
41772.162826,6.6
41772.162873,10.4
41772.162919,5.1
41772.162965,4.9
41772.163011,4.5
41772.163058,5.1
41772.163104,8.3
41772.163150,7.4
41772.163197,6.1
41772.163243,13.6
41772.163289,4.9
41772.163335,5.5
41772.163382,4.9
41772.163428,7.6
41772.163474,6.9
41772.163521,11.2
41772.163567,6.5
41772.163613,10.2
41772.163660,4.7
41772.163706,2.7
41772.163752,5.2
41772.163798,11.2
41772.163845,6.8
41772.163891,6.9
41772.163937,9.4
41772.163984,9.5
41772.164030,5.2
41772.164076,4.8
41772.164123,6.9
41772.164169,6.9
41772.164215,6.3
41772.164261,6.1
41772.164308,19.6
41772.164354,13.6
41772.164400,4.7
41772.164447,5.0
41772.164493,5.7
41772.164539,5.3
41772.164586,6.1
41772.164632,5.1
41772.164678,4.9
41772.164724,16.9
41772.164771,7.4
41772.164817,6.5
41772.164863,7.0
41772.164910,6.3
41772.164956,5.4
41772.165002,5.0
41772.165048,4.6
41772.165095,9.7
41772.165141,7.2
41772.165187,7.6
41772.165234,5.5
41772.165280,9.1
41772.165326,5.4
41772.165373,4.4
41772.165419,6.5
41772.165465,9.1
41772.165511,6.9
41772.165558,10.4
41772.165604,8.8
41772.165650,5.3
41772.165697,4.9
41772.165743,4.6
41772.165789,6.8
41772.165836,8.0
41772.165882,7.3
41772.165928,6.4
41772.165974,8.9
41772.166021,7.2
41772.166067,4.8
41772.166113,5.4
41772.166160,7.5
41772.166206,8.5
41772.166252,7.4
41772.166298,6.5
41772.166345,5.9
41772.166391,9.2
41772.166439,9.7
41772.166484,4.5
41772.166530,9.3
41772.166576,5.1
41772.166623,6.4
41772.166669,6.1
41772.166715,4.9
41772.166761,4.9
41772.166808,10.2
41772.166854,5.6
41772.166900,11.4
41772.166947,7.9
41772.166993,6.3
41772.167039,9.3
41772.167086,4.9
41772.167132,4.1
41772.167178,4.6
41772.167224,9.2
41772.167271,11.0
41772.167317,6.3
41772.167363,6.1
41772.167410,5.1
41772.167456,5.1
41772.167502,5.0
41772.167548,5.2
41772.167595,9.5
41772.167641,18.4
41772.167687,7.0
41772.167734,5.7
41772.167780,5.8
41772.167826,14.8
41772.167873,4.6
41772.167919,5.1
41772.167965,4.9
41772.168011,17.3
41772.168058,8.0
41772.168104,4.6
41772.168150,4.4
41772.168197,5.3
41772.168243,5.3
41772.168289,6.6
41772.168336,7.0
41772.168382,12.4
41772.168428,8.4
41772.168474,11.1
41772.168521,4.6
41772.168567,4.9
41772.168613,4.9
41772.168660,4.9
41772.168706,5.9
41772.168752,11.9
41772.168798,4.6
41772.168845,7.5
41772.168891,8.5
41772.168937,5.4
41772.168984,6.4
41772.169030,6.5
41772.169076,7.4
41772.169123,14.4
41772.169169,4.7
41772.169215,4.8
41772.169261,7.2
41772.169308,7.6
41772.169354,5.1
41772.169400,5.1
41772.169447,5.7
41772.169493,10.4
41772.169539,4.8
41772.169586,5.3
41772.169632,5.4
41772.169678,8.9
41772.169724,12.6
41772.169771,7.1
41772.169817,6.1
41772.169863,9.3
41772.169910,4.7
41772.169956,4.5
41772.170002,5.1
41772.170048,5.1
41772.170095,7.4
41772.170141,10.1
41772.170187,5.4
41772.170234,9.0
41772.170280,5.8
41772.170326,5.4
41772.170373,10.2
41772.170419,6.9
41772.170465,6.9
41772.170511,8.5
41772.170558,7.5
41772.170604,9.3
41772.170650,4.7
41772.170697,4.7
41772.170743,4.9
41772.170789,6.9
41772.170836,7.7
41772.170882,5.2
41772.170928,11.2
41772.170974,12.6
41772.171021,5.2
41772.171067,6.2
41772.171113,6.7
41772.171160,6.6
41772.171206,5.8
41772.171252,4.7
41772.171298,6.4
41772.171345,23.4
41772.171391,7.6
41772.171437,4.7
41772.171484,5.5
41772.171530,5.7
41772.171576,5.4
41772.171623,4.4
41772.171669,5.6
41772.171715,10.1
41772.171761,9.2
41772.171808,13.2
41772.171854,6.9
41772.171900,6.0
41772.171947,5.3
41772.171993,4.3
41772.172039,5.6
41772.172086,9.3
41772.172132,4.5
41772.172178,8.1
41772.172224,7.9
41772.172271,5.7
41772.172317,4.8
41772.172363,5.4
41772.172410,6.6
41772.172456,11.2
41772.172502,6.3
41772.172548,6.3
41772.172595,8.9
41772.172641,6.9
41772.172687,4.7
41772.172734,4.8
41772.172780,7.5
41772.172826,7.1
41772.172873,5.4
41772.172919,5.9
41772.172965,5.1
41772.173011,6.9
41772.173058,10.6
41772.173104,5.3
41772.173150,11.0
41772.173197,7.4
41772.173243,6.8
41772.173289,6.3
41772.173336,4.5
41772.173382,4.7
41772.173428,7.9
41772.173474,7.2
41772.173521,9.7
41772.173567,5.7
41772.173613,9.9
41772.173660,6.0
41772.173706,4.6
41772.173752,5.1
41772.173798,5.3
41772.173845,10.5
41772.173891,14.0
41772.173937,7.0
41772.173984,5.6
41772.174030,5.9
41772.174076,4.8
41772.174123,4.9
41772.174169,5.0
41772.174215,5.4
41772.174261,19.3
41772.174308,9.0
41772.174354,6.3
41772.174400,4.5
41772.174447,5.2
41772.174493,5.8
41772.174539,6.4
41772.174586,6.9
41772.174632,11.7
41772.174678,14.1
41772.174724,6.1
41772.174771,4.6
41772.174817,7.5
41772.174863,13.1
41772.174910,4.7
41772.174956,5.2
41772.175002,11.7
41772.175048,9.9
41772.175095,9.1
41772.175141,6.8
41772.175187,5.3
41772.175234,5.6
41772.175280,7.5
41772.175326,6.7
41772.175373,10.5
41772.175419,5.4
41772.175465,5.6
41772.175511,7.7
41772.175558,6.2
41772.175604,4.8
41772.175650,4.7
41772.175697,9.5
41772.175743,10.0
41772.175789,5.6
41772.175836,5.2
41772.175882,5.6
41772.175928,10.0
41772.175974,6.6
41772.176021,5.6
41772.176067,5.3
41772.176113,9.8
41772.176160,4.9
41772.176206,4.5
41772.176252,5.6
41772.176298,9.0
41772.176345,9.3
41772.176391,6.8
41772.176437,4.7
41772.176484,9.7
41772.176530,5.7
41772.176576,5.3
41772.176624,7.0
41772.176669,6.7
41772.176715,9.3
41772.176761,7.9
41772.176824,16.0
41772.176854,28.6
41772.176901,29.1
41772.176947,5.3
41772.176993,5.1
41772.177039,5.6
41772.177086,6.2
41772.177132,8.0
41772.177178,10.0
41772.177224,8.6
41772.177271,5.1
41772.177317,5.9
41772.177363,6.8
41772.177410,7.4
41772.177456,9.1
41772.177502,4.8
41772.177548,11.0
41772.177595,8.0
41772.177641,1.1
41772.177687,4.0
41772.177734,5.2
41772.177781,6.2
41772.177826,6.0
41772.177873,4.9
41772.177919,9.4
41772.177965,5.7
41772.178011,12.9
41772.178058,9.6
41772.178104,6.5
41772.178150,4.7
41772.178197,5.5
41772.178243,5.6
41772.178289,9.6
41772.178336,7.3
41772.178382,11.5
41772.178428,11.6
41772.178474,8.5
41772.178521,4.9
41772.178567,4.5
41772.178613,6.3
41772.178660,9.3
41772.178706,3.2
41772.178752,1.9
41772.178798,1.6
41772.178845,5.6
41772.178891,0.1
41772.178937,0.6
41772.178984,0.1
41772.179030,5.3
41772.179076,0.1
41772.179123,0.2
41772.179169,0.9
41772.179215,5.4
41772.179261,0.1
41772.179308,0.6
41772.179354,0.3
41772.179400,8.4
41772.179447,0.1
41772.179493,0.1
41772.179539,0.1
41772.179586,5.9
41772.179632,0.4
41772.179678,0.1
41772.179724,0.6
41772.179771,4.9
41772.179817,0.1
41772.179863,0.4
41772.179910,0.1
41772.179956,5.9
41772.180002,0.7
41772.180050,0.1
41772.180095,3.7
41772.180141,0.9
41772.180187,0.1
41772.180234,0.1
41772.180280,0.1
41772.180326,4.7
41772.180373,0.6
41772.180419,0.1
41772.180465,3.8
41772.180511,0.1
41772.180558,0.1
41772.180604,0.1
41772.180650,0.2
41772.180697,5.9
41772.180744,0.1
41772.180789,0.1
41772.180836,5.4
41772.180882,0.1
41772.180928,0.1
41772.180974,0.1
41772.181021,0.1
41772.181067,5.9
41772.181113,0.1
41772.181160,0.1
41772.181206,7.1
41772.181253,0.1
41772.181298,0.1
41772.181345,0.1
41772.181391,0.9
41772.181437,7.5
41772.181484,0.1
41772.181530,0.1
41772.181576,4.6
41772.181623,0.1
41772.181669,0.1
41772.181715,0.1
41772.181761,0.6
41772.181808,4.6
41772.181854,0.1
41772.181900,2.9
41772.181946,2.8
41772.181993,0.0
41772.182039,0.1
41772.182086,0.3
41772.182132,0.9
41772.182178,4.7
41772.182224,0.1
41772.182271,5.5
41772.182317,0.1
41772.182363,0.2
